{
  "africa": [
    "Egypt → Cairo",
    "Nigeria → Abuja",
    "Ethiopia → Addis Ababa",
    "South Africa → Pretoria (executive capital)",
    "Kenya → Nairobi",
    "Tanzania → Dodoma",
    "Ghana → Accra",
    "Morocco → Rabat",
    "Algeria → Algiers",
    "Sudan → Khartoum",
    "Uganda → Kampala",
    "Senegal → Dakar",
    "Zimbabwe → Harare",
    "Rwanda → Kigali",
    "Tunisia → Tunis",
    "Libya → Tripoli",
    "Cameroon → Yaoundé",
    "Mozambique → Maputo",
    "Madagascar → Antananarivo",
    "Ivory Coast → Yamoussoukro"
  ],
  "americas": [
    "United States → Washington, D.C.",
    "Canada → Ottawa",
    "Mexico → Mexico City",
    "Brazil → Brasília (not Rio de Janeiro)",
    "Argentina → Buenos Aires",
    "Colombia → Bogotá",
    "Peru → Lima",
    "Venezuela → Caracas",
    "Chile → Santiago",
    "Ecuador → Quito",
    "Bolivia → Sucre (constitutional capital)",
    "Paraguay → Asunción",
    "Uruguay → Montevideo",
    "Cuba → Havana",
    "Jamaica → Kingston",
    "Haiti → Port-au-Prince",
    "Dominican Republic → Santo Domingo",
    "Guatemala → Guatemala City",
    "Costa Rica → San José",
    "Panama → Panama City",
    "El Salvador → San Salvador"
  ],
  "asia": [
    "China → Beijing",
    "Japan → Tokyo",
    "India → New Delhi",
    "South Korea → Seoul",
    "North Korea → Pyongyang",
    "Indonesia → Jakarta",
    "Pakistan → Islamabad",
    "Bangladesh → Dhaka",
    "Vietnam → Hanoi",
    "Thailand → Bangkok",
    "Philippines → Manila",
    "Malaysia → Kuala Lumpur",
    "Myanmar → Naypyidaw (moved from Yangon in 2006)",
    "Cambodia → Phnom Penh",
    "Nepal → Kathmandu",
    "Mongolia → Ulaanbaatar",
    "Kazakhstan → Astana",
    "Iran → Tehran",
    "Iraq → Baghdad",
    "Saudi Arabia → Riyadh",
    "Turkey → Ankara (not Istanbul)",
    "Jordan → Amman"
  ],
  "europe": [
    "United Kingdom → London",
    "France → Paris",
    "Germany → Berlin",
    "Italy → Rome",
    "Spain → Madrid",
    "Portugal → Lisbon",
    "Netherlands → Amsterdam",
    "Belgium → Brussels",
    "Switzerland → Bern (not Zurich or Geneva)",
    "Austria → Vienna",
    "Poland → Warsaw",
    "Czech Republic → Prague",
    "Hungary → Budapest",
    "Romania → Bucharest",
    "Greece → Athens",
    "Sweden → Stockholm",
    "Norway → Oslo",
    "Denmark → Copenhagen",
    "Finland → Helsinki",
    "Ireland → Dublin",
    "Ukraine → Kyiv",
    "Russia → Moscow",
    "Iceland → Reykjavik"
  ],
  "oceania": [
    "Australia → Canberra (not Sydney)",
    "New Zealand → Wellington (not Auckland)",
    "Fiji → Suva",
    "Papua New Guinea → Port Moresby",
    "Solomon Islands → Honiara",
    "Vanuatu → Port Vila",
    "Samoa → Apia",
    "Tonga → Nuku'alofa",
    "Kiribati → South Tarawa",
    "Palau → Ngerulmud"
  ]
}
